school_id,school,address,city,state,zip,level,year,short_year,latitude,longitude,black,hispanic,white,other
80612,ARTHUR MIDDLETON ELEMENTARY SCHOOL,1109 Copley Avenue,Waldorf,MD,20602,E,2005-2006,05-06,38.6025938,-76.921812,354,37,199,28
80613,BENJAMIN STODDERT MIDDLE SCHOOL,2040 St. Thomas Drive,Waldorf,MD,20602,M,2005-2006,05-06,38.6015661,-76.8975434,517,39,229,25
80622,BERRY ELEMENTARY SCHOOL,10155 Berry Road,Waldorf,MD,20603,E,2005-2006,05-06,38.647895,-76.9595649,442,24,309,59
80620,C. PAUL BARNHART ELEMENTARY SCHOOL,4800 Lancaster Circle,Waldorf,MD,20603,E,2005-2006,05-06,38.6244091,-76.9372322,443,40,131,40
80617,DANIEL OF ST. THOMAS JENIFER ELEMENTARY SCHOOL,2820 Jenifer School Lane,Waldorf,MD,20603,E,2005-2006,05-06,38.633889,-76.9276741,438,30,190,46
80611,DR. GUSTAVUS BROWN ELEMENTARY,421 University Drive,Waldorf,MD,20602,E,2005-2006,05-06,38.5947414,-76.9194692,301,28,142,11
80609,DR. JAMES CRAIK ELEMENTARY SCHOOL,7725 Marshall Corner Road,Pomfret,MD,20675,E,2005-2006,05-06,38.5690967,-77.0302076,116,10,317,18
80604,DR. SAMUEL A. MUDD ELEMENTARY SCHOOL,820 Stone Avenue,Waldorf,MD,20602,E,2005-2006,05-06,38.6081746,-76.9102497,264,20,109,13
80501,DR. THOMAS L. HIGDON ELEMENTARY,12872 Rock Point Road,Newburg,MD,20664,E,2005-2006,05-06,38.3595146,-76.9405281,73,3,372,6
80616,EVA TURNER ELEMENTARY SCHOOL,1000 Bannister Circle,Waldorf,MD,20602,E,2005-2006,05-06,38.5951194,-76.9035827,361,19,101,20
81001,GALE-BAILEY ELEMENTARY SCHOOL,4740 Pisgah-Marbury Road,Marbury,MD,20658,E,2005-2006,05-06,38.5609531,-77.1505342,167,4,262,6
80705,GENERAL SMALLWOOD MIDDLE SCHOOL,4990 Indian Head Highway,Indian Head,MD,20640,M,2005-2006,05-06,38.6028131,-77.1341113,354,9,254,19
81002,HENRY E. LACKEY HIGH SCHOOL,3000 Chicamuxen Road,Indian Head,MD,20640,H,2005-2006,05-06,38.5794444,-77.1276389,807,30,711,49
80710,INDIAN HEAD ELEMENTARY SCHOOL,4200 Indian Head Highway,Indian Head,MD,20640,E,2005-2006,05-06,38.6005716,-77.1663546,227,19,173,20
80703,J. C. PARKS ELEMENTARY SCHOOL,3505 Livingston Road,Indian Head,MD,20640,E,2005-2006,05-06,38.6148405,-77.074977,546,42,394,35
80608,JOHN HANSON MIDDLE SCHOOL,3165 John Hanson Drive,Waldorf,MD,20601,M,2005-2006,05-06,38.6242651,-76.8882182,423,22,465,27
80606,J. P. RYON ELEMENTARY SCHOOL,12140 Vivian Adams Drive,Waldorf,MD,20601,E,2005-2006,05-06,38.6222194,-76.8892106,377,20,196,24
80106,LA PLATA HIGH SCHOOL,6035 Radio Station Road,La Plata,MD,20646,H,2005-2006,05-06,38.5462317,-76.9502506,387,19,1173,36
80902,MALCOLM ELEMENTARY SCHOOL,14760 Poplar Hill Road,Waldorf,MD,20601,E,2005-2006,05-06,38.6167858,-76.7974684,181,16,353,15
80109,MARY MATULA ELEMENTARY SCHOOL,6025 Radio Station Road,La Plata,MD,20646,E,2005-2006,05-06,38.5483416,-76.9560313,235,33,367,24
80621,MATTAWOMAN MIDDLE SCHOOL,10145 Berry Road,Waldorf,MD,20603,M,2005-2006,05-06,38.64663,-76.96077,534,32,145,39
80701,MATTHEW HENSON MIDDLE SCHOOL,3535 Livingston Road,Indian Head,MD,20640,M,2005-2006,05-06,38.6140072,-77.0769214,415,16,352,42
80108,MAURICE J. MCDONOUGH HIGH SCHOOL,7165 Marshall Corner Road,Pomfret,MD,20675,H,2005-2006,05-06,38.5557,-77.035146,562,47,663,47
80104,MILTON M. SOMERS MIDDLE SCHOOL,300 Willow Lane,La Plata,MD,20646,M,2005-2006,05-06,38.523887,-76.972715,436,40,695,51
80302,MT HOPE/NANJEMOY ELEMENTARY SCHOOL,9275 Ironsides Road,Nanjemoy,MD,20662,E,2005-2006,05-06,38.4581783,-77.1805341,127,3,170,1
80623,NORTH POINT HIGH SCHOOL,2500 Davis Road,Waldorf,MD,20603,H,2005-2006,05-06,38.641421,-76.977075,508,28,432,66
80503,PICCOWAXEN MIDDLE SCHOOL,12834 Rock Point Road,Newburg,MD,20664,M,2005-2006,05-06,38.3617928,-76.9413607,73,6,411,4
80708,ROBERT D. STETHEM EDUCATIONAL CENTER,7775 Marshall Corner Road,Pomfret,MD,20675,O,2005-2006,05-06,38.5703181,-77.0291001,34,0,13,1
80801,T. C. MARTIN ELEMENTARY SCHOOL,6315 Olivers Shop Road,Bryantown,MD,20617,E,2005-2006,05-06,38.5393903,-76.842783,113,11,498,12
80605,THOMAS STONE HIGH SCHOOL,3785 Leonardtown Road,Waldorf,MD,20601,H,2005-2006,05-06,38.6148411,-76.8869156,894,67,1037,82
80105,WALTER J. MITCHELL ELEMENTARY,400 Willow Lane,La Plata,MD,20646,E,2005-2006,05-06,38.5194643,-76.9694544,104,8,480,21
80619,WESTLAKE HIGH SCHOOL,3300 Middletown Road,Waldorf,MD,20603,H,2005-2006,05-06,38.6237294,-76.9669182,1040,51,639,96
80618,WILLIAM B. WADE ELEMENTARY SCHOOL,2300 Smallwood Drive West,Waldorf,MD,20603,E,2005-2006,05-06,38.6179674,-76.9467827,345,38,377,55
80612,ARTHUR MIDDLETON ELEMENTARY SCHOOL,1109 Copley Avenue,Waldorf,MD,20602,E,2006-2007,06-07,38.6025938,-76.921812,238,27,147,19
80613,BENJAMIN STODDERT MIDDLE SCHOOL,2040 St. Thomas Drive,Waldorf,MD,20602,M,2006-2007,06-07,38.6015661,-76.8975434,509,59,179,27
80622,BERRY ELEMENTARY SCHOOL,10155 Berry Road,Waldorf,MD,20603,E,2006-2007,06-07,38.647895,-76.9595649,433,39,171,58
80620,C. PAUL BARNHART ELEMENTARY SCHOOL,4800 Lancaster Circle,Waldorf,MD,20603,E,2006-2007,06-07,38.6244091,-76.9372322,388,43,119,34
80617,DANIEL OF ST. THOMAS JENIFER ELEMENTARY SCHOOL,2820 Jenifer School Lane,Waldorf,MD,20603,E,2006-2007,06-07,38.633889,-76.9276741,376,25,144,48
80611,DR. GUSTAVUS BROWN ELEMENTARY,421 University Drive,Waldorf,MD,20602,E,2006-2007,06-07,38.5947414,-76.9194692,293,31,144,20
80609,DR. JAMES CRAIK ELEMENTARY SCHOOL,7725 Marshall Corner Road,Pomfret,MD,20675,E,2006-2007,06-07,38.5690967,-77.0302076,105,12,338,15
80604,DR. SAMUEL A. MUDD ELEMENTARY SCHOOL,820 Stone Avenue,Waldorf,MD,20602,E,2006-2007,06-07,38.6081746,-76.9102497,268,15,97,9
80501,DR. THOMAS L. HIGDON ELEMENTARY,12872 Rock Point Road,Newburg,MD,20664,E,2006-2007,06-07,38.3595146,-76.9405281,88,6,381,5
80616,EVA TURNER ELEMENTARY SCHOOL,1000 Bannister Circle,Waldorf,MD,20602,E,2006-2007,06-07,38.5951194,-76.9035827,379,25,76,20
81001,GALE-BAILEY ELEMENTARY SCHOOL,4740 Pisgah-Marbury Road,Marbury,MD,20658,E,2006-2007,06-07,38.5609531,-77.1505342,187,4,264,14
80705,GENERAL SMALLWOOD MIDDLE SCHOOL,4990 Indian Head Highway,Indian Head,MD,20640,M,2006-2007,06-07,38.6028131,-77.1341113,373,8,247,11
81002,HENRY E. LACKEY HIGH SCHOOL,3000 Chicamuxen Road,Indian Head,MD,20640,H,2006-2007,06-07,38.5794444,-77.1276389,826,30,636,48
80710,INDIAN HEAD ELEMENTARY SCHOOL,4200 Indian Head Highway,Indian Head,MD,20640,E,2006-2007,06-07,38.6005716,-77.1663546,224,13,156,17
80703,J. C. PARKS ELEMENTARY SCHOOL,3505 Livingston Road,Indian Head,MD,20640,E,2006-2007,06-07,38.6148405,-77.074977,401,22,185,12
80608,JOHN HANSON MIDDLE SCHOOL,3165 John Hanson Drive,Waldorf,MD,20601,M,2006-2007,06-07,38.6242651,-76.8882182,460,25,422,29
80606,J. P. RYON ELEMENTARY SCHOOL,12140 Vivian Adams Drive,Waldorf,MD,20601,E,2006-2007,06-07,38.6222194,-76.8892106,407,25,170,25
80106,LA PLATA HIGH SCHOOL,6035 Radio Station Road,La Plata,MD,20646,H,2006-2007,06-07,38.5462317,-76.9502506,356,24,1161,37
80902,MALCOLM ELEMENTARY SCHOOL,14760 Poplar Hill Road,Waldorf,MD,20601,E,2006-2007,06-07,38.6167858,-76.7974684,193,15,353,16
80109,MARY MATULA ELEMENTARY SCHOOL,6025 Radio Station Road,La Plata,MD,20646,E,2006-2007,06-07,38.5483416,-76.9560313,256,37,348,23
80621,MATTAWOMAN MIDDLE SCHOOL,10145 Berry Road,Waldorf,MD,20603,M,2006-2007,06-07,38.64663,-76.96077,689,36,166,55
80701,MATTHEW HENSON MIDDLE SCHOOL,3535 Livingston Road,Indian Head,MD,20640,M,2006-2007,06-07,38.6140072,-77.0769214,494,21,355,40
80108,MAURICE J. MCDONOUGH HIGH SCHOOL,7165 Marshall Corner Road,Pomfret,MD,20675,H,2006-2007,06-07,38.5557,-77.035146,611,50,628,37
80104,MILTON M. SOMERS MIDDLE SCHOOL,300 Willow Lane,La Plata,MD,20646,M,2006-2007,06-07,38.523887,-76.972715,458,42,677,48
80302,MT HOPE/NANJEMOY ELEMENTARY SCHOOL,9275 Ironsides Road,Nanjemoy,MD,20662,E,2006-2007,06-07,38.4581783,-77.1805341,144,2,172,1
80623,NORTH POINT HIGH SCHOOL,2500 Davis Road,Waldorf,MD,20603,H,2006-2007,06-07,38.641421,-76.977075,685,34,547,87
80503,PICCOWAXEN MIDDLE SCHOOL,12834 Rock Point Road,Newburg,MD,20664,M,2006-2007,06-07,38.3617928,-76.9413607,77,10,406,4
80708,ROBERT D. STETHEM EDUCATIONAL CENTER,7775 Marshall Corner Road,Pomfret,MD,20675,O,2006-2007,06-07,38.5703181,-77.0291001,36,1,11,1
80801,T. C. MARTIN ELEMENTARY SCHOOL,6315 Olivers Shop Road,Bryantown,MD,20617,E,2006-2007,06-07,38.5393903,-76.842783,117,13,480,11
80605,THOMAS STONE HIGH SCHOOL,3785 Leonardtown Road,Waldorf,MD,20601,H,2006-2007,06-07,38.6148411,-76.8869156,891,54,882,72
80105,WALTER J. MITCHELL ELEMENTARY,400 Willow Lane,La Plata,MD,20646,E,2006-2007,06-07,38.5194643,-76.9694544,115,10,459,27
80619,WESTLAKE HIGH SCHOOL,3300 Middletown Road,Waldorf,MD,20603,H,2006-2007,06-07,38.6237294,-76.9669182,1120,60,465,94
80624,WILLIAM A. DIGGS ELEMENTARY,2615 Davis Road,Waldorf,MD,20603,E,2006-2007,06-07,38.6356456,-76.9808578,473,27,318,49
80618,WILLIAM B. WADE ELEMENTARY SCHOOL,2300 Smallwood Drive West,Waldorf,MD,20603,E,2006-2007,06-07,38.6179674,-76.9467827,383,42,318,48
80612,ARTHUR MIDDLETON ELEMENTARY SCHOOL,1109 Copley Avenue,Waldorf,MD,20602,E,2007-2008,07-08,38.6025938,-76.921812,255,22,147,15
80613,BENJAMIN STODDERT MIDDLE SCHOOL,2040 St. Thomas Drive,Waldorf,MD,20602,M,2007-2008,07-08,38.6015661,-76.8975434,537,48,145,38
80622,BERRY ELEMENTARY SCHOOL,10155 Berry Road,Waldorf,MD,20603,E,2007-2008,07-08,38.647895,-76.9595649,492,43,158,55
80620,C. PAUL BARNHART ELEMENTARY SCHOOL,4800 Lancaster Circle,Waldorf,MD,20603,E,2007-2008,07-08,38.6244091,-76.9372322,386,40,91,35
80617,DANIEL OF ST. THOMAS JENIFER ELEMENTARY SCHOOL,2820 Jenifer School Lane,Waldorf,MD,20603,E,2007-2008,07-08,38.633889,-76.9276741,382,22,144,59
80611,DR. GUSTAVUS BROWN ELEMENTARY,421 University Drive,Waldorf,MD,20602,E,2007-2008,07-08,38.5947414,-76.9194692,277,33,108,16
80609,DR. JAMES CRAIK ELEMENTARY SCHOOL,7725 Marshall Corner Road,Pomfret,MD,20675,E,2007-2008,07-08,38.5690967,-77.0302076,117,12,335,22
80604,DR. SAMUEL A. MUDD ELEMENTARY SCHOOL,820 Stone Avenue,Waldorf,MD,20602,E,2007-2008,07-08,38.6081746,-76.9102497,285,15,89,9
80501,DR. THOMAS L. HIGDON ELEMENTARY,12872 Rock Point Road,Newburg,MD,20664,E,2007-2008,07-08,38.3595146,-76.9405281,90,6,363,5
80616,EVA TURNER ELEMENTARY SCHOOL,1000 Bannister Circle,Waldorf,MD,20602,E,2007-2008,07-08,38.5951194,-76.9035827,411,35,72,31
81001,GALE-BAILEY ELEMENTARY SCHOOL,4740 Pisgah-Marbury Road,Marbury,MD,20658,E,2007-2008,07-08,38.5609531,-77.1505342,198,3,244,16
80705,GENERAL SMALLWOOD MIDDLE SCHOOL,4990 Indian Head Highway,Indian Head,MD,20640,M,2007-2008,07-08,38.6028131,-77.1341113,251,6,235,8
81002,HENRY E. LACKEY HIGH SCHOOL,3000 Chicamuxen Road,Indian Head,MD,20640,H,2007-2008,07-08,38.5794444,-77.1276389,876,25,568,52
80710,INDIAN HEAD ELEMENTARY SCHOOL,4200 Indian Head Highway,Indian Head,MD,20640,E,2007-2008,07-08,38.6005716,-77.1663546,235,7,128,21
80703,J. C. PARKS ELEMENTARY SCHOOL,3505 Livingston Road,Indian Head,MD,20640,E,2007-2008,07-08,38.6148405,-77.074977,385,20,182,17
80608,JOHN HANSON MIDDLE SCHOOL,3165 John Hanson Drive,Waldorf,MD,20601,M,2007-2008,07-08,38.6242651,-76.8882182,490,28,363,24
80606,J. P. RYON ELEMENTARY SCHOOL,12140 Vivian Adams Drive,Waldorf,MD,20601,E,2007-2008,07-08,38.6222194,-76.8892106,424,25,155,25
80106,LA PLATA HIGH SCHOOL,6035 Radio Station Road,La Plata,MD,20646,H,2007-2008,07-08,38.5462317,-76.9502506,311,28,1136,39
80902,MALCOLM ELEMENTARY SCHOOL,14760 Poplar Hill Road,Waldorf,MD,20601,E,2007-2008,07-08,38.6167858,-76.7974684,183,18,324,17
80109,MARY MATULA ELEMENTARY SCHOOL,6025 Radio Station Road,La Plata,MD,20646,E,2007-2008,07-08,38.5483416,-76.9560313,249,37,326,25
80621,MATTAWOMAN MIDDLE SCHOOL,10145 Berry Road,Waldorf,MD,20603,M,2007-2008,07-08,38.64663,-76.96077,719,41,170,57
80701,MATTHEW HENSON MIDDLE SCHOOL,3535 Livingston Road,Indian Head,MD,20640,M,2007-2008,07-08,38.6140072,-77.0769214,383,14,194,17
80108,MAURICE J. MCDONOUGH HIGH SCHOOL,7165 Marshall Corner Road,Pomfret,MD,20675,H,2007-2008,07-08,38.5557,-77.035146,665,54,554,31
80104,MILTON M. SOMERS MIDDLE SCHOOL,300 Willow Lane,La Plata,MD,20646,M,2007-2008,07-08,38.523887,-76.972715,250,16,567,30
80302,MT HOPE/NANJEMOY ELEMENTARY SCHOOL,9275 Ironsides Road,Nanjemoy,MD,20662,E,2007-2008,07-08,38.4581783,-77.1805341,144,3,169,2
80623,NORTH POINT HIGH SCHOOL,2500 Davis Road,Waldorf,MD,20603,H,2007-2008,07-08,38.641421,-76.977075,851,47,644,98
80503,PICCOWAXEN MIDDLE SCHOOL,12834 Rock Point Road,Newburg,MD,20664,M,2007-2008,07-08,38.3617928,-76.9413607,65,13,378,4
80708,ROBERT D. STETHEM EDUCATIONAL CENTER,7775 Marshall Corner Road,Pomfret,MD,20675,O,2007-2008,07-08,38.5703181,-77.0291001,41,2,16,2
80801,T. C. MARTIN ELEMENTARY SCHOOL,6315 Olivers Shop Road,Bryantown,MD,20617,E,2007-2008,07-08,38.5393903,-76.842783,126,15,452,15
80625,THEODORE G. DAVIS MIDDLE SCHOOL,2495 Davis Road,Waldorf,MD,20603,M,2007-2008,07-08,38.6439719,-76.9788876,643,46,349,50
80605,THOMAS STONE HIGH SCHOOL,3785 Leonardtown Road,Waldorf,MD,20601,H,2007-2008,07-08,38.6148411,-76.8869156,841,42,708,60
80105,WALTER J. MITCHELL ELEMENTARY,400 Willow Lane,La Plata,MD,20646,E,2007-2008,07-08,38.5194643,-76.9694544,102,13,445,29
80619,WESTLAKE HIGH SCHOOL,3300 Middletown Road,Waldorf,MD,20603,H,2007-2008,07-08,38.6237294,-76.9669182,1134,58,343,72
80624,WILLIAM A. DIGGS ELEMENTARY,2615 Davis Road,Waldorf,MD,20603,E,2007-2008,07-08,38.6356456,-76.9808578,576,37,306,54
80618,WILLIAM B. WADE ELEMENTARY SCHOOL,2300 Smallwood Drive West,Waldorf,MD,20603,E,2007-2008,07-08,38.6179674,-76.9467827,380,50,297,43
80612,ARTHUR MIDDLETON ELEMENTARY SCHOOL,1109 Copley Avenue,Waldorf,MD,20602,E,2008-2009,08-09,38.6025938,-76.921812,255,33,137,16
80613,BENJAMIN STODDERT MIDDLE SCHOOL,2040 St. Thomas Drive,Waldorf,MD,20602,M,2008-2009,08-09,38.6015661,-76.8975434,513,46,132,33
80622,BERRY ELEMENTARY SCHOOL,10155 Berry Road,Waldorf,MD,20603,E,2008-2009,08-09,38.647895,-76.9595649,557,40,143,55
80620,C. PAUL BARNHART ELEMENTARY SCHOOL,4800 Lancaster Circle,Waldorf,MD,20603,E,2008-2009,08-09,38.6244091,-76.9372322,412,51,70,33
80617,DANIEL OF ST. THOMAS JENIFER ELEMENTARY SCHOOL,2820 Jenifer School Lane,Waldorf,MD,20603,E,2008-2009,08-09,38.633889,-76.9276741,392,20,119,60
80611,DR. GUSTAVUS BROWN ELEMENTARY,421 University Drive,Waldorf,MD,20602,E,2008-2009,08-09,38.5947414,-76.9194692,299,27,102,15
80609,DR. JAMES CRAIK ELEMENTARY SCHOOL,7725 Marshall Corner Road,Pomfret,MD,20675,E,2008-2009,08-09,38.5690967,-77.0302076,114,15,343,23
80604,DR. SAMUEL A. MUDD ELEMENTARY SCHOOL,820 Stone Avenue,Waldorf,MD,20602,E,2008-2009,08-09,38.6081746,-76.9102497,281,22,87,7
80501,DR. THOMAS L. HIGDON ELEMENTARY,12872 Rock Point Road,Newburg,MD,20664,E,2008-2009,08-09,38.3595146,-76.9405281,76,5,340,4
80616,EVA TURNER ELEMENTARY SCHOOL,1000 Bannister Circle,Waldorf,MD,20602,E,2008-2009,08-09,38.5951194,-76.9035827,270,20,56,11
81001,GALE-BAILEY ELEMENTARY SCHOOL,4740 Pisgah-Marbury Road,Marbury,MD,20658,E,2008-2009,08-09,38.5609531,-77.1505342,187,5,240,14
80705,GENERAL SMALLWOOD MIDDLE SCHOOL,4990 Indian Head Highway,Indian Head,MD,20640,M,2008-2009,08-09,38.6028131,-77.1341113,247,13,245,8
81002,HENRY E. LACKEY HIGH SCHOOL,3000 Chicamuxen Road,Indian Head,MD,20640,H,2008-2009,08-09,38.5794444,-77.1276389,863,18,475,43
80710,INDIAN HEAD ELEMENTARY SCHOOL,4200 Indian Head Highway,Indian Head,MD,20640,E,2008-2009,08-09,38.6005716,-77.1663546,252,2,119,19
80703,J. C. PARKS ELEMENTARY SCHOOL,3505 Livingston Road,Indian Head,MD,20640,E,2008-2009,08-09,38.6148405,-77.074977,392,17,176,19
80608,JOHN HANSON MIDDLE SCHOOL,3165 John Hanson Drive,Waldorf,MD,20601,M,2008-2009,08-09,38.6242651,-76.8882182,464,28,324,25
80606,J. P. RYON ELEMENTARY SCHOOL,12140 Vivian Adams Drive,Waldorf,MD,20601,E,2008-2009,08-09,38.6222194,-76.8892106,312,24,112,19
80106,LA PLATA HIGH SCHOOL,6035 Radio Station Road,La Plata,MD,20646,H,2008-2009,08-09,38.5462317,-76.9502506,280,26,1062,40
80902,MALCOLM ELEMENTARY SCHOOL,14760 Poplar Hill Road,Waldorf,MD,20601,E,2008-2009,08-09,38.6167858,-76.7974684,171,15,299,18
80626,MARY B. NEAL ELEMENTARY SCHOOL,12105 St. Georges Drive,Waldorf,MD,20602,E,2008-2009,08-09,38.584929,-76.9031422,428,36,121,38
80109,MARY MATULA ELEMENTARY SCHOOL,6025 Radio Station Road,La Plata,MD,20646,E,2008-2009,08-09,38.5483416,-76.9560313,172,19,228,31
80621,MATTAWOMAN MIDDLE SCHOOL,10145 Berry Road,Waldorf,MD,20603,M,2008-2009,08-09,38.64663,-76.96077,757,39,155,69
80701,MATTHEW HENSON MIDDLE SCHOOL,3535 Livingston Road,Indian Head,MD,20640,M,2008-2009,08-09,38.6140072,-77.0769214,378,19,196,15
80108,MAURICE J. MCDONOUGH HIGH SCHOOL,7165 Marshall Corner Road,Pomfret,MD,20675,H,2008-2009,08-09,38.5557,-77.035146,683,56,514,31
80104,MILTON M. SOMERS MIDDLE SCHOOL,300 Willow Lane,La Plata,MD,20646,M,2008-2009,08-09,38.523887,-76.972715,250,18,574,32
80302,MT HOPE/NANJEMOY ELEMENTARY SCHOOL,9275 Ironsides Road,Nanjemoy,MD,20662,E,2008-2009,08-09,38.4581783,-77.1805341,132,3,177,1
80623,NORTH POINT HIGH SCHOOL,2500 Davis Road,Waldorf,MD,20603,H,2008-2009,08-09,38.641421,-76.977075,1128,55,837,141
80503,PICCOWAXEN MIDDLE SCHOOL,12834 Rock Point Road,Newburg,MD,20664,M,2008-2009,08-09,38.3617928,-76.9413607,63,11,414,8
80708,ROBERT D. STETHEM EDUCATIONAL CENTER,7775 Marshall Corner Road,Pomfret,MD,20675,O,2008-2009,08-09,38.5703181,-77.0291001,39,6,26,2
80801,T. C. MARTIN ELEMENTARY SCHOOL,6315 Olivers Shop Road,Bryantown,MD,20617,E,2008-2009,08-09,38.5393903,-76.842783,114,13,408,17
80625,THEODORE G. DAVIS MIDDLE SCHOOL,2495 Davis Road,Waldorf,MD,20603,M,2008-2009,08-09,38.6439719,-76.9788876,704,47,309,52
80605,THOMAS STONE HIGH SCHOOL,3785 Leonardtown Road,Waldorf,MD,20601,H,2008-2009,08-09,38.6148411,-76.8869156,843,46,631,41
80105,WALTER J. MITCHELL ELEMENTARY,400 Willow Lane,La Plata,MD,20646,E,2008-2009,08-09,38.5194643,-76.9694544,94,18,455,22
80619,WESTLAKE HIGH SCHOOL,3300 Middletown Road,Waldorf,MD,20603,H,2008-2009,08-09,38.6237294,-76.9669182,1132,52,219,59
80624,WILLIAM A. DIGGS ELEMENTARY,2615 Davis Road,Waldorf,MD,20603,E,2008-2009,08-09,38.6356456,-76.9808578,570,37,295,56
80618,WILLIAM B. WADE ELEMENTARY SCHOOL,2300 Smallwood Drive West,Waldorf,MD,20603,E,2008-2009,08-09,38.6179674,-76.9467827,412,55,282,35
80612,ARTHUR MIDDLETON ELEMENTARY SCHOOL,1109 Copley Avenue,Waldorf,MD,20602,E,2009-2010,09-10,38.6025938,-76.921812,256,22,124,21
80613,BENJAMIN STODDERT MIDDLE SCHOOL,2040 St. Thomas Drive,Waldorf,MD,20602,M,2009-2010,09-10,38.6015661,-76.8975434,548,42,156,34
80622,BERRY ELEMENTARY SCHOOL,10155 Berry Road,Waldorf,MD,20603,E,2009-2010,09-10,38.647895,-76.9595649,559,31,132,56
80620,C. PAUL BARNHART ELEMENTARY SCHOOL,4800 Lancaster Circle,Waldorf,MD,20603,E,2009-2010,09-10,38.6244091,-76.9372322,410,54,60,29
80617,DANIEL OF ST. THOMAS JENIFER ELEMENTARY SCHOOL,2820 Jenifer School Lane,Waldorf,MD,20603,E,2009-2010,09-10,38.633889,-76.9276741,420,28,104,61
80611,DR. GUSTAVUS BROWN ELEMENTARY,421 University Drive,Waldorf,MD,20602,E,2009-2010,09-10,38.5947414,-76.9194692,310,23,83,15
80609,DR. JAMES CRAIK ELEMENTARY SCHOOL,7725 Marshall Corner Road,Pomfret,MD,20675,E,2009-2010,09-10,38.5690967,-77.0302076,128,10,366,24
80604,DR. SAMUEL A. MUDD ELEMENTARY SCHOOL,820 Stone Avenue,Waldorf,MD,20602,E,2009-2010,09-10,38.6081746,-76.9102497,258,32,79,9
80501,DR. THOMAS L. HIGDON ELEMENTARY,12872 Rock Point Road,Newburg,MD,20664,E,2009-2010,09-10,38.3595146,-76.9405281,81,4,315,5
80616,EVA TURNER ELEMENTARY SCHOOL,1000 Bannister Circle,Waldorf,MD,20602,E,2009-2010,09-10,38.5951194,-76.9035827,286,13,48,10
81001,GALE-BAILEY ELEMENTARY SCHOOL,4740 Pisgah-Marbury Road,Marbury,MD,20658,E,2009-2010,09-10,38.5609531,-77.1505342,177,3,226,19
80705,GENERAL SMALLWOOD MIDDLE SCHOOL,4990 Indian Head Highway,Indian Head,MD,20640,M,2009-2010,09-10,38.6028131,-77.1341113,250,9,257,10
81002,HENRY E. LACKEY HIGH SCHOOL,3000 Chicamuxen Road,Indian Head,MD,20640,H,2009-2010,09-10,38.5794444,-77.1276389,823,20,467,31
80710,INDIAN HEAD ELEMENTARY SCHOOL,4200 Indian Head Highway,Indian Head,MD,20640,E,2009-2010,09-10,38.6005716,-77.1663546,249,6,107,13
80703,J. C. PARKS ELEMENTARY SCHOOL,3505 Livingston Road,Indian Head,MD,20640,E,2009-2010,09-10,38.6148405,-77.074977,394,13,180,32
80608,JOHN HANSON MIDDLE SCHOOL,3165 John Hanson Drive,Waldorf,MD,20601,M,2009-2010,09-10,38.6242651,-76.8882182,444,32,328,24
80606,J. P. RYON ELEMENTARY SCHOOL,12140 Vivian Adams Drive,Waldorf,MD,20601,E,2009-2010,09-10,38.6222194,-76.8892106,338,22,111,20
80106,LA PLATA HIGH SCHOOL,6035 Radio Station Road,La Plata,MD,20646,H,2009-2010,09-10,38.5462317,-76.9502506,277,31,1032,48
80902,MALCOLM ELEMENTARY SCHOOL,14760 Poplar Hill Road,Waldorf,MD,20601,E,2009-2010,09-10,38.6167858,-76.7974684,176,13,288,21
80626,MARY B. NEAL ELEMENTARY SCHOOL,12105 St. Georges Drive,Waldorf,MD,20602,E,2009-2010,09-10,38.584929,-76.9031422,476,43,129,47
80109,MARY MATULA ELEMENTARY SCHOOL,6025 Radio Station Road,La Plata,MD,20646,E,2009-2010,09-10,38.5483416,-76.9560313,196,16,228,26
80621,MATTAWOMAN MIDDLE SCHOOL,10145 Berry Road,Waldorf,MD,20603,M,2009-2010,09-10,38.64663,-76.96077,730,44,156,72
80701,MATTHEW HENSON MIDDLE SCHOOL,3535 Livingston Road,Indian Head,MD,20640,M,2009-2010,09-10,38.6140072,-77.0769214,356,14,177,13
80108,MAURICE J. MCDONOUGH HIGH SCHOOL,7165 Marshall Corner Road,Pomfret,MD,20675,H,2009-2010,09-10,38.5557,-77.035146,705,55,489,45
80104,MILTON M. SOMERS MIDDLE SCHOOL,300 Willow Lane,La Plata,MD,20646,M,2009-2010,09-10,38.523887,-76.972715,236,21,550,32
80302,MT HOPE/NANJEMOY ELEMENTARY SCHOOL,9275 Ironsides Road,Nanjemoy,MD,20662,E,2009-2010,09-10,38.4581783,-77.1805341,123,3,179,3
80623,NORTH POINT HIGH SCHOOL,2500 Davis Road,Waldorf,MD,20603,H,2009-2010,09-10,38.641421,-76.977075,1205,66,778,155
80503,PICCOWAXEN MIDDLE SCHOOL,12834 Rock Point Road,Newburg,MD,20664,M,2009-2010,09-10,38.3617928,-76.9413607,65,10,419,8
80708,ROBERT D. STETHEM EDUCATIONAL CENTER,7775 Marshall Corner Road,Pomfret,MD,20675,O,2009-2010,09-10,38.5703181,-77.0291001,48,4,18,2
80801,T. C. MARTIN ELEMENTARY SCHOOL,6315 Olivers Shop Road,Bryantown,MD,20617,E,2009-2010,09-10,38.5393903,-76.842783,114,14,403,15
80625,THEODORE G. DAVIS MIDDLE SCHOOL,2495 Davis Road,Waldorf,MD,20603,M,2009-2010,09-10,38.6439719,-76.9788876,750,46,278,65
80605,THOMAS STONE HIGH SCHOOL,3785 Leonardtown Road,Waldorf,MD,20601,H,2009-2010,09-10,38.6148411,-76.8869156,839,46,549,33
80105,WALTER J. MITCHELL ELEMENTARY,400 Willow Lane,La Plata,MD,20646,E,2009-2010,09-10,38.5194643,-76.9694544,109,19,474,20
80619,WESTLAKE HIGH SCHOOL,3300 Middletown Road,Waldorf,MD,20603,H,2009-2010,09-10,38.6237294,-76.9669182,1200,62,188,60
80624,WILLIAM A. DIGGS ELEMENTARY,2615 Davis Road,Waldorf,MD,20603,E,2009-2010,09-10,38.6356456,-76.9808578,633,43,287,69
80618,WILLIAM B. WADE ELEMENTARY SCHOOL,2300 Smallwood Drive West,Waldorf,MD,20603,E,2009-2010,09-10,38.6179674,-76.9467827,425,61,262,36
80612,ARTHUR MIDDLETON ELEMENTARY SCHOOL,1109 Copley Avenue,Waldorf,MD,20602,E,2010-2011,10-11,38.6025938,-76.921812,271,25,106,47
80613,BENJAMIN STODDERT MIDDLE SCHOOL,2040 St. Thomas Drive,Waldorf,MD,20602,M,2010-2011,10-11,38.6015661,-76.8975434,496,54,143,54
80622,BERRY ELEMENTARY SCHOOL,10155 Berry Road,Waldorf,MD,20603,E,2010-2011,10-11,38.647895,-76.9595649,537,51,116,95
80620,C. PAUL BARNHART ELEMENTARY SCHOOL,4800 Lancaster Circle,Waldorf,MD,20603,E,2010-2011,10-11,38.6244091,-76.9372322,426,64,56,41
80617,DANIEL OF ST. THOMAS JENIFER ELEMENTARY SCHOOL,2820 Jenifer School Lane,Waldorf,MD,20603,E,2010-2011,10-11,38.633889,-76.9276741,375,38,95,87
80611,DR. GUSTAVUS BROWN ELEMENTARY,421 University Drive,Waldorf,MD,20602,E,2010-2011,10-11,38.5947414,-76.9194692,276,32,76,47
80609,DR. JAMES CRAIK ELEMENTARY SCHOOL,7725 Marshall Corner Road,Pomfret,MD,20675,E,2010-2011,10-11,38.5690967,-77.0302076,97,19,348,56
80604,DR. SAMUEL A. MUDD ELEMENTARY SCHOOL,820 Stone Avenue,Waldorf,MD,20602,E,2010-2011,10-11,38.6081746,-76.9102497,236,41,64,38
80501,DR. THOMAS L. HIGDON ELEMENTARY,12872 Rock Point Road,Newburg,MD,20664,E,2010-2011,10-11,38.3595146,-76.9405281,77,12,302,32
80616,EVA TURNER ELEMENTARY SCHOOL,1000 Bannister Circle,Waldorf,MD,20602,E,2010-2011,10-11,38.5951194,-76.9035827,226,18,46,48
81001,GALE-BAILEY ELEMENTARY SCHOOL,4740 Pisgah-Marbury Road,Marbury,MD,20658,E,2010-2011,10-11,38.5609531,-77.1505342,155,2,242,29
80705,GENERAL SMALLWOOD MIDDLE SCHOOL,4990 Indian Head Highway,Indian Head,MD,20640,M,2010-2011,10-11,38.6028131,-77.1341113,253,13,227,20
81002,HENRY E. LACKEY HIGH SCHOOL,3000 Chicamuxen Road,Indian Head,MD,20640,H,2010-2011,10-11,38.5794444,-77.1276389,757,36,435,64
80710,INDIAN HEAD ELEMENTARY SCHOOL,4200 Indian Head Highway,Indian Head,MD,20640,E,2010-2011,10-11,38.6005716,-77.1663546,228,21,115,32
80703,J. C. PARKS ELEMENTARY SCHOOL,3505 Livingston Road,Indian Head,MD,20640,E,2010-2011,10-11,38.6148405,-77.074977,359,34,169,72
80608,JOHN HANSON MIDDLE SCHOOL,3165 John Hanson Drive,Waldorf,MD,20601,M,2010-2011,10-11,38.6242651,-76.8882182,405,34,312,48
80606,J. P. RYON ELEMENTARY SCHOOL,12140 Vivian Adams Drive,Waldorf,MD,20601,E,2010-2011,10-11,38.6222194,-76.8892106,313,37,92,49
80106,LA PLATA HIGH SCHOOL,6035 Radio Station Road,La Plata,MD,20646,H,2010-2011,10-11,38.5462317,-76.9502506,259,53,1000,84
80902,MALCOLM ELEMENTARY SCHOOL,14760 Poplar Hill Road,Waldorf,MD,20601,E,2010-2011,10-11,38.6167858,-76.7974684,148,24,282,42
80626,MARY B. NEAL ELEMENTARY SCHOOL,12105 St. Georges Drive,Waldorf,MD,20602,E,2010-2011,10-11,38.584929,-76.9031422,504,46,133,94
80109,MARY MATULA ELEMENTARY SCHOOL,6025 Radio Station Road,La Plata,MD,20646,E,2010-2011,10-11,38.5483416,-76.9560313,178,36,222,54
80621,MATTAWOMAN MIDDLE SCHOOL,10145 Berry Road,Waldorf,MD,20603,M,2010-2011,10-11,38.64663,-76.96077,706,45,138,102
80701,MATTHEW HENSON MIDDLE SCHOOL,3535 Livingston Road,Indian Head,MD,20640,M,2010-2011,10-11,38.6140072,-77.0769214,325,24,182,39
80108,MAURICE J. MCDONOUGH HIGH SCHOOL,7165 Marshall Corner Road,Pomfret,MD,20675,H,2010-2011,10-11,38.5557,-77.035146,650,67,448,91
80104,MILTON M. SOMERS MIDDLE SCHOOL,300 Willow Lane,La Plata,MD,20646,M,2010-2011,10-11,38.523887,-76.972715,220,36,511,84
80302,MT HOPE/NANJEMOY ELEMENTARY SCHOOL,9275 Ironsides Road,Nanjemoy,MD,20662,E,2010-2011,10-11,38.4581783,-77.1805341,134,5,169,19
80623,NORTH POINT HIGH SCHOOL,2500 Davis Road,Waldorf,MD,20603,H,2010-2011,10-11,38.641421,-76.977075,1189,94,706,230
80503,PICCOWAXEN MIDDLE SCHOOL,12834 Rock Point Road,Newburg,MD,20664,M,2010-2011,10-11,38.3617928,-76.9413607,58,14,386,26
80708,ROBERT D. STETHEM EDUCATIONAL CENTER,7775 Marshall Corner Road,Pomfret,MD,20675,O,2010-2011,10-11,38.5703181,-77.0291001,55,0,16,4
80801,T. C. MARTIN ELEMENTARY SCHOOL,6315 Olivers Shop Road,Bryantown,MD,20617,E,2010-2011,10-11,38.5393903,-76.842783,109,20,376,35
80625,THEODORE G. DAVIS MIDDLE SCHOOL,2495 Davis Road,Waldorf,MD,20603,M,2010-2011,10-11,38.6439719,-76.9788876,695,61,251,129
80605,THOMAS STONE HIGH SCHOOL,3785 Leonardtown Road,Waldorf,MD,20601,H,2010-2011,10-11,38.6148411,-76.8869156,820,79,498,85
80105,WALTER J. MITCHELL ELEMENTARY,400 Willow Lane,La Plata,MD,20646,E,2010-2011,10-11,38.5194643,-76.9694544,95,19,466,50
80619,WESTLAKE HIGH SCHOOL,3300 Middletown Road,Waldorf,MD,20603,H,2010-2011,10-11,38.6237294,-76.9669182,1165,67,167,96
80624,WILLIAM A. DIGGS ELEMENTARY,2615 Davis Road,Waldorf,MD,20603,E,2010-2011,10-11,38.6356456,-76.9808578,618,75,240,122
80618,WILLIAM B. WADE ELEMENTARY SCHOOL,2300 Smallwood Drive West,Waldorf,MD,20603,E,2010-2011,10-11,38.6179674,-76.9467827,410,75,200,74
80612,ARTHUR MIDDLETON ELEMENTARY SCHOOL,1109 Copley Avenue,Waldorf,MD,20602,E,2011-2012,11-12,38.6025938,-76.921812,277,29,93,41
80613,BENJAMIN STODDERT MIDDLE SCHOOL,2040 St. Thomas Drive,Waldorf,MD,20602,M,2011-2012,11-12,38.6015661,-76.8975434,495,46,118,66
80622,BERRY ELEMENTARY SCHOOL,10155 Berry Road,Waldorf,MD,20603,E,2011-2012,11-12,38.647895,-76.9595649,512,45,102,105
80620,C. PAUL BARNHART ELEMENTARY SCHOOL,4800 Lancaster Circle,Waldorf,MD,20603,E,2011-2012,11-12,38.6244091,-76.9372322,405,71,58,57
80617,DANIEL OF ST. THOMAS JENIFER ELEMENTARY SCHOOL,2820 Jenifer School Lane,Waldorf,MD,20603,E,2011-2012,11-12,38.633889,-76.9276741,355,43,90,90
80611,DR. GUSTAVUS BROWN ELEMENTARY,421 University Drive,Waldorf,MD,20602,E,2011-2012,11-12,38.5947414,-76.9194692,260,30,74,52
80609,DR. JAMES CRAIK ELEMENTARY SCHOOL,7725 Marshall Corner Road,Pomfret,MD,20675,E,2011-2012,11-12,38.5690967,-77.0302076,96,26,339,57
80604,DR. SAMUEL A. MUDD ELEMENTARY SCHOOL,820 Stone Avenue,Waldorf,MD,20602,E,2011-2012,11-12,38.6081746,-76.9102497,257,46,58,49
80501,DR. THOMAS L. HIGDON ELEMENTARY,12872 Rock Point Road,Newburg,MD,20664,E,2011-2012,11-12,38.3595146,-76.9405281,63,13,313,32
80616,EVA TURNER ELEMENTARY SCHOOL,1000 Bannister Circle,Waldorf,MD,20602,E,2011-2012,11-12,38.5951194,-76.9035827,222,16,45,33
81001,GALE-BAILEY ELEMENTARY SCHOOL,4740 Pisgah-Marbury Road,Marbury,MD,20658,E,2011-2012,11-12,38.5609531,-77.1505342,163,0,219,40
80705,GENERAL SMALLWOOD MIDDLE SCHOOL,4990 Indian Head Highway,Indian Head,MD,20640,M,2011-2012,11-12,38.6028131,-77.1341113,228,7,216,20
81002,HENRY E. LACKEY HIGH SCHOOL,3000 Chicamuxen Road,Indian Head,MD,20640,H,2011-2012,11-12,38.5794444,-77.1276389,714,35,433,60
80710,INDIAN HEAD ELEMENTARY SCHOOL,4200 Indian Head Highway,Indian Head,MD,20640,E,2011-2012,11-12,38.6005716,-77.1663546,257,22,111,31
80703,J. C. PARKS ELEMENTARY SCHOOL,3505 Livingston Road,Indian Head,MD,20640,E,2011-2012,11-12,38.6148405,-77.074977,386,42,160,74
80608,JOHN HANSON MIDDLE SCHOOL,3165 John Hanson Drive,Waldorf,MD,20601,M,2011-2012,11-12,38.6242651,-76.8882182,418,38,286,60
80606,J. P. RYON ELEMENTARY SCHOOL,12140 Vivian Adams Drive,Waldorf,MD,20601,E,2011-2012,11-12,38.6222194,-76.8892106,305,44,79,46
80106,LA PLATA HIGH SCHOOL,6035 Radio Station Road,La Plata,MD,20646,H,2011-2012,11-12,38.5462317,-76.9502506,276,53,1011,103
80902,MALCOLM ELEMENTARY SCHOOL,14760 Poplar Hill Road,Waldorf,MD,20601,E,2011-2012,11-12,38.6167858,-76.7974684,155,19,265,41
80626,MARY B. NEAL ELEMENTARY SCHOOL,12105 St. Georges Drive,Waldorf,MD,20602,E,2011-2012,11-12,38.584929,-76.9031422,533,65,136,92
80109,MARY MATULA ELEMENTARY SCHOOL,6025 Radio Station Road,La Plata,MD,20646,E,2011-2012,11-12,38.5483416,-76.9560313,190,36,244,43
80621,MATTAWOMAN MIDDLE SCHOOL,10145 Berry Road,Waldorf,MD,20603,M,2011-2012,11-12,38.64663,-76.96077,710,45,109,95
80701,MATTHEW HENSON MIDDLE SCHOOL,3535 Livingston Road,Indian Head,MD,20640,M,2011-2012,11-12,38.6140072,-77.0769214,333,23,148,44
80108,MAURICE J. MCDONOUGH HIGH SCHOOL,7165 Marshall Corner Road,Pomfret,MD,20675,H,2011-2012,11-12,38.5557,-77.035146,646,65,434,81
80104,MILTON M. SOMERS MIDDLE SCHOOL,300 Willow Lane,La Plata,MD,20646,M,2011-2012,11-12,38.523887,-76.972715,228,35,505,83
80302,MT HOPE/NANJEMOY ELEMENTARY SCHOOL,9275 Ironsides Road,Nanjemoy,MD,20662,E,2011-2012,11-12,38.4581783,-77.1805341,129,4,183,22
80623,NORTH POINT HIGH SCHOOL,2500 Davis Road,Waldorf,MD,20603,H,2011-2012,11-12,38.641421,-76.977075,1222,102,652,234
80503,PICCOWAXEN MIDDLE SCHOOL,12834 Rock Point Road,Newburg,MD,20664,M,2011-2012,11-12,38.3617928,-76.9413607,51,16,360,26
80708,ROBERT D. STETHEM EDUCATIONAL CENTER,7775 Marshall Corner Road,Pomfret,MD,20675,O,2011-2012,11-12,38.5703181,-77.0291001,70,1,13,3
80801,T. C. MARTIN ELEMENTARY SCHOOL,6315 Olivers Shop Road,Bryantown,MD,20617,E,2011-2012,11-12,38.5393903,-76.842783,108,19,383,48
80625,THEODORE G. DAVIS MIDDLE SCHOOL,2495 Davis Road,Waldorf,MD,20603,M,2011-2012,11-12,38.6439719,-76.9788876,735,66,242,114
80605,THOMAS STONE HIGH SCHOOL,3785 Leonardtown Road,Waldorf,MD,20601,H,2011-2012,11-12,38.6148411,-76.8869156,790,83,460,77
80105,WALTER J. MITCHELL ELEMENTARY,400 Willow Lane,La Plata,MD,20646,E,2011-2012,11-12,38.5194643,-76.9694544,93,23,485,50
80619,WESTLAKE HIGH SCHOOL,3300 Middletown Road,Waldorf,MD,20603,H,2011-2012,11-12,38.6237294,-76.9669182,1206,72,169,127
80624,WILLIAM A. DIGGS ELEMENTARY,2615 Davis Road,Waldorf,MD,20603,E,2011-2012,11-12,38.6356456,-76.9808578,625,74,218,123
80618,WILLIAM B. WADE ELEMENTARY SCHOOL,2300 Smallwood Drive West,Waldorf,MD,20603,E,2011-2012,11-12,38.6179674,-76.9467827,404,74,204,99
80612,ARTHUR MIDDLETON ELEMENTARY SCHOOL,1109 Copley Avenue,Waldorf,MD,20602,E,2012-2013,12-13,38.6025938,-76.921812,272,35,88,42
80613,BENJAMIN STODDERT MIDDLE SCHOOL,2040 St. Thomas Drive,Waldorf,MD,20602,M,2012-2013,12-13,38.6015661,-76.8975434,492,41,87,65
80622,BERRY ELEMENTARY SCHOOL,10155 Berry Road,Waldorf,MD,20603,E,2012-2013,12-13,38.647895,-76.9595649,586,55,105,102
80620,C. PAUL BARNHART ELEMENTARY SCHOOL,4800 Lancaster Circle,Waldorf,MD,20603,E,2012-2013,12-13,38.6244091,-76.9372322,404,78,53,59
80617,DANIEL OF ST. THOMAS JENIFER ELEMENTARY SCHOOL,2820 Jenifer School Lane,Waldorf,MD,20603,E,2012-2013,12-13,38.633889,-76.9276741,375,51,113,97
80611,DR. GUSTAVUS BROWN ELEMENTARY,421 University Drive,Waldorf,MD,20602,E,2012-2013,12-13,38.5947414,-76.9194692,260,35,82,52
80609,DR. JAMES CRAIK ELEMENTARY SCHOOL,7725 Marshall Corner Road,Pomfret,MD,20675,E,2012-2013,12-13,38.5690967,-77.0302076,103,30,315,61
80604,DR. SAMUEL A. MUDD ELEMENTARY SCHOOL,820 Stone Avenue,Waldorf,MD,20602,E,2012-2013,12-13,38.6081746,-76.9102497,245,60,62,48
80501,DR. THOMAS L. HIGDON ELEMENTARY,12872 Rock Point Road,Newburg,MD,20664,E,2012-2013,12-13,38.3595146,-76.9405281,59,10,322,35
80616,EVA TURNER ELEMENTARY SCHOOL,1000 Bannister Circle,Waldorf,MD,20602,E,2012-2013,12-13,38.5951194,-76.9035827,294,42,68,55
81001,GALE-BAILEY ELEMENTARY SCHOOL,4740 Pisgah-Marbury Road,Marbury,MD,20658,E,2012-2013,12-13,38.5609531,-77.1505342,161,1,228,41
80705,GENERAL SMALLWOOD MIDDLE SCHOOL,4990 Indian Head Highway,Indian Head,MD,20640,M,2012-2013,12-13,38.6028131,-77.1341113,271,8,228,32
81002,HENRY E. LACKEY HIGH SCHOOL,3000 Chicamuxen Road,Indian Head,MD,20640,H,2012-2013,12-13,38.5794444,-77.1276389,697,28,449,63
80710,INDIAN HEAD ELEMENTARY SCHOOL,4200 Indian Head Highway,Indian Head,MD,20640,E,2012-2013,12-13,38.6005716,-77.1663546,245,23,156,41
80703,J. C. PARKS ELEMENTARY SCHOOL,3505 Livingston Road,Indian Head,MD,20640,E,2012-2013,12-13,38.6148405,-77.074977,499,55,134,80
80606,J. P. RYON ELEMENTARY SCHOOL,12140 Vivian Adams Drive,Waldorf,MD,20601,E,2012-2013,12-13,38.6222194,-76.8892106,331,65,93,45
80608,JOHN HANSON MIDDLE SCHOOL,3165 John Hanson Drive,Waldorf,MD,20601,M,2012-2013,12-13,38.6242651,-76.8882182,400,39,250,55
80106,LA PLATA HIGH SCHOOL,6035 Radio Station Road,La Plata,MD,20646,H,2012-2013,12-13,38.5462317,-76.9502506,283,47,1016,112
80902,MALCOLM ELEMENTARY SCHOOL,14760 Poplar Hill Road,Waldorf,MD,20601,E,2012-2013,12-13,38.6167858,-76.7974684,154,22,244,49
80626,MARY B. NEAL ELEMENTARY SCHOOL,12105 St. Georges Drive,Waldorf,MD,20602,E,2012-2013,12-13,38.584929,-76.9031422,498,32,72,75
80109,MARY MATULA ELEMENTARY SCHOOL,6025 Radio Station Road,La Plata,MD,20646,E,2012-2013,12-13,38.5483416,-76.9560313,211,36,268,49
80621,MATTAWOMAN MIDDLE SCHOOL,10145 Berry Road,Waldorf,MD,20603,M,2012-2013,12-13,38.64663,-76.96077,697,44,100,89
80701,MATTHEW HENSON MIDDLE SCHOOL,3535 Livingston Road,Indian Head,MD,20640,M,2012-2013,12-13,38.6140072,-77.0769214,448,34,168,65
80108,MAURICE J. MCDONOUGH HIGH SCHOOL,7165 Marshall Corner Road,Pomfret,MD,20675,H,2012-2013,12-13,38.5557,-77.035146,599,69,424,85
80104,MILTON M. SOMERS MIDDLE SCHOOL,300 Willow Lane,La Plata,MD,20646,M,2012-2013,12-13,38.523887,-76.972715,255,44,494,84
80302,MT HOPE/NANJEMOY ELEMENTARY SCHOOL,9275 Ironsides Road,Nanjemoy,MD,20662,E,2012-2013,12-13,38.4581783,-77.1805341,133,3,203,32
80623,NORTH POINT HIGH SCHOOL,2500 Davis Road,Waldorf,MD,20603,H,2012-2013,12-13,38.641421,-76.977075,1293,113,586,248
80503,PICCOWAXEN MIDDLE SCHOOL,12834 Rock Point Road,Newburg,MD,20664,M,2012-2013,12-13,38.3617928,-76.9413607,49,14,320,26
80708,ROBERT D. STETHEM EDUCATIONAL CENTER,7775 Marshall Corner Road,Pomfret,MD,20675,O,2012-2013,12-13,38.5703181,-77.0291001,35,2,9,2
80801,T. C. MARTIN ELEMENTARY SCHOOL,6315 Olivers Shop Road,Bryantown,MD,20617,E,2012-2013,12-13,38.5393903,-76.842783,121,19,387,52
80625,THEODORE G. DAVIS MIDDLE SCHOOL,2495 Davis Road,Waldorf,MD,20603,M,2012-2013,12-13,38.6439719,-76.9788876,567,62,173,105
80605,THOMAS STONE HIGH SCHOOL,3785 Leonardtown Road,Waldorf,MD,20601,H,2012-2013,12-13,38.6148411,-76.8869156,745,72,437,73
80105,WALTER J. MITCHELL ELEMENTARY,400 Willow Lane,La Plata,MD,20646,E,2012-2013,12-13,38.5194643,-76.9694544,91,31,491,61
80619,WESTLAKE HIGH SCHOOL,3300 Middletown Road,Waldorf,MD,20603,H,2012-2013,12-13,38.6237294,-76.9669182,1164,78,144,116
80624,WILLIAM A. DIGGS ELEMENTARY,2615 Davis Road,Waldorf,MD,20603,E,2012-2013,12-13,38.6356456,-76.9808578,499,59,166,90
80618,WILLIAM B. WADE ELEMENTARY SCHOOL,2300 Smallwood Drive West,Waldorf,MD,20603,E,2012-2013,12-13,38.6179674,-76.9467827,393,76,185,96
80612,ARTHUR MIDDLETON ELEMENTARY SCHOOL,1109 Copley Avenue,Waldorf,MD,20602,E,2013-2014,13-14,38.6025938,-76.921812,279,50,76,55
80613,BENJAMIN STODDERT MIDDLE SCHOOL,2040 St. Thomas Drive,Waldorf,MD,20602,M,2013-2014,13-14,38.6015661,-76.8975434,500,38,82,77
80622,BERRY ELEMENTARY SCHOOL,10155 Berry Road,Waldorf,MD,20603,E,2013-2014,13-14,38.647895,-76.9595649,593,59,93,117
80620,C. PAUL BARNHART ELEMENTARY SCHOOL,4800 Lancaster Circle,Waldorf,MD,20603,E,2013-2014,13-14,38.6244091,-76.9372322,394,93,53,56
80617,DANIEL OF ST. THOMAS JENIFER ELEMENTARY SCHOOL,2820 Jenifer School Lane,Waldorf,MD,20603,E,2013-2014,13-14,38.633889,-76.9276741,397,49,94,97
80611,DR. GUSTAVUS BROWN ELEMENTARY,421 University Drive,Waldorf,MD,20602,E,2013-2014,13-14,38.5947414,-76.9194692,269,35,74,50
80609,DR. JAMES CRAIK ELEMENTARY SCHOOL,7725 Marshall Corner Road,Pomfret,MD,20675,E,2013-2014,13-14,38.5690967,-77.0302076,101,24,334,62
80604,DR. SAMUEL A. MUDD ELEMENTARY SCHOOL,820 Stone Avenue,Waldorf,MD,20602,E,2013-2014,13-14,38.6081746,-76.9102497,253,69,55,53
80501,DR. THOMAS L. HIGDON ELEMENTARY,12872 Rock Point Road,Newburg,MD,20664,E,2013-2014,13-14,38.3595146,-76.9405281,49,16,322,41
80616,EVA TURNER ELEMENTARY SCHOOL,1000 Bannister Circle,Waldorf,MD,20602,E,2013-2014,13-14,38.5951194,-76.9035827,304,43,61,51
81001,GALE-BAILEY ELEMENTARY SCHOOL,4740 Pisgah-Marbury Road,Marbury,MD,20658,E,2013-2014,13-14,38.5609531,-77.1505342,157,9,209,37
80705,GENERAL SMALLWOOD MIDDLE SCHOOL,4990 Indian Head Highway,Indian Head,MD,20640,M,2013-2014,13-14,38.6028131,-77.1341113,249,6,247,44
81002,HENRY E. LACKEY HIGH SCHOOL,3000 Chicamuxen Road,Indian Head,MD,20640,H,2013-2014,13-14,38.5794444,-77.1276389,695,30,414,69
80710,INDIAN HEAD ELEMENTARY SCHOOL,4200 Indian Head Highway,Indian Head,MD,20640,E,2013-2014,13-14,38.6005716,-77.1663546,265,14,164,52
80703,J. C. PARKS ELEMENTARY SCHOOL,3505 Livingston Road,Indian Head,MD,20640,E,2013-2014,13-14,38.6148405,-77.074977,518,53,94,87
80606,J. P. RYON ELEMENTARY SCHOOL,12140 Vivian Adams Drive,Waldorf,MD,20601,E,2013-2014,13-14,38.6222194,-76.8892106,340,74,103,62
80608,JOHN HANSON MIDDLE SCHOOL,3165 John Hanson Drive,Waldorf,MD,20601,M,2013-2014,13-14,38.6242651,-76.8882182,406,54,253,52
80106,LA PLATA HIGH SCHOOL,6035 Radio Station Road,La Plata,MD,20646,H,2013-2014,13-14,38.5462317,-76.9502506,307,45,944,116
80902,MALCOLM ELEMENTARY SCHOOL,14760 Poplar Hill Road,Waldorf,MD,20601,E,2013-2014,13-14,38.6167858,-76.7974684,141,24,232,45
80626,MARY B. NEAL ELEMENTARY SCHOOL,12105 St. Georges Drive,Waldorf,MD,20602,E,2013-2014,13-14,38.584929,-76.9031422,532,28,67,81
80109,MARY MATULA ELEMENTARY SCHOOL,6025 Radio Station Road,La Plata,MD,20646,E,2013-2014,13-14,38.5483416,-76.9560313,218,39,277,64
80621,MATTAWOMAN MIDDLE SCHOOL,10145 Berry Road,Waldorf,MD,20603,M,2013-2014,13-14,38.64663,-76.96077,658,49,88,96
80701,MATTHEW HENSON MIDDLE SCHOOL,3535 Livingston Road,Indian Head,MD,20640,M,2013-2014,13-14,38.6140072,-77.0769214,451,39,144,62
80108,MAURICE J. MCDONOUGH HIGH SCHOOL,7165 Marshall Corner Road,Pomfret,MD,20675,H,2013-2014,13-14,38.5557,-77.035146,585,58,405,70
80104,MILTON M. SOMERS MIDDLE SCHOOL,300 Willow Lane,La Plata,MD,20646,M,2013-2014,13-14,38.523887,-76.972715,289,45,485,88
80302,MT HOPE/NANJEMOY ELEMENTARY SCHOOL,9275 Ironsides Road,Nanjemoy,MD,20662,E,2013-2014,13-14,38.4581783,-77.1805341,118,7,202,35
80623,NORTH POINT HIGH SCHOOL,2500 Davis Road,Waldorf,MD,20603,H,2013-2014,13-14,38.641421,-76.977075,1253,111,580,259
80503,PICCOWAXEN MIDDLE SCHOOL,12834 Rock Point Road,Newburg,MD,20664,M,2013-2014,13-14,38.3617928,-76.9413607,60,19,320,30
80708,ROBERT D. STETHEM EDUCATIONAL CENTER,7775 Marshall Corner Road,Pomfret,MD,20675,O,2013-2014,13-14,38.5703181,-77.0291001,37,2,13,0
80801,T. C. MARTIN ELEMENTARY SCHOOL,6315 Olivers Shop Road,Bryantown,MD,20617,E,2013-2014,13-14,38.5393903,-76.842783,123,20,391,53
80625,THEODORE G. DAVIS MIDDLE SCHOOL,2495 Davis Road,Waldorf,MD,20603,M,2013-2014,13-14,38.6439719,-76.9788876,586,72,146,97
80605,THOMAS STONE HIGH SCHOOL,3785 Leonardtown Road,Waldorf,MD,20601,H,2013-2014,13-14,38.6148411,-76.8869156,728,71,408,80
80105,WALTER J. MITCHELL ELEMENTARY,400 Willow Lane,La Plata,MD,20646,E,2013-2014,13-14,38.5194643,-76.9694544,89,38,481,65
80619,WESTLAKE HIGH SCHOOL,3300 Middletown Road,Waldorf,MD,20603,H,2013-2014,13-14,38.6237294,-76.9669182,1104,78,130,113
80624,WILLIAM A. DIGGS ELEMENTARY,2615 Davis Road,Waldorf,MD,20603,E,2013-2014,13-14,38.6356456,-76.9808578,464,51,161,92
80618,WILLIAM B. WADE ELEMENTARY SCHOOL,2300 Smallwood Drive West,Waldorf,MD,20603,E,2013-2014,13-14,38.6179674,-76.9467827,387,74,163,97
80612,ARTHUR MIDDLETON ELEMENTARY SCHOOL,1109 Copley Avenue,Waldorf,MD,20602,E,2014-2015,14-15,38.6025938,-76.921812,288,60,60,58
80613,BENJAMIN STODDERT MIDDLE SCHOOL,2040 St. Thomas Drive,Waldorf,MD,20602,M,2014-2015,14-15,38.6015661,-76.8975434,509,48,73,63
80622,BERRY ELEMENTARY SCHOOL,10155 Berry Road,Waldorf,MD,20603,E,2014-2015,14-15,38.647895,-76.9595649,570,59,94,118
80620,C. PAUL BARNHART ELEMENTARY SCHOOL,4800 Lancaster Circle,Waldorf,MD,20603,E,2014-2015,14-15,38.6244091,-76.9372322,431,95,42,59
80617,DANIEL OF ST. THOMAS JENIFER ELEMENTARY SCHOOL,2820 Jenifer School Lane,Waldorf,MD,20603,E,2014-2015,14-15,38.633889,-76.9276741,378,53,84,85
80611,DR. GUSTAVUS BROWN ELEMENTARY,421 University Drive,Waldorf,MD,20602,E,2014-2015,14-15,38.5947414,-76.9194692,246,44,82,54
80609,DR. JAMES CRAIK ELEMENTARY SCHOOL,7725 Marshall Corner Road,Pomfret,MD,20675,E,2014-2015,14-15,38.5690967,-77.0302076,83,25,315,61
80604,DR. SAMUEL A. MUDD ELEMENTARY SCHOOL,820 Stone Avenue,Waldorf,MD,20602,E,2014-2015,14-15,38.6081746,-76.9102497,245,75,55,56
80501,DR. THOMAS L. HIGDON ELEMENTARY,12872 Rock Point Road,Newburg,MD,20664,E,2014-2015,14-15,38.3595146,-76.9405281,42,15,323,43
80616,EVA TURNER ELEMENTARY SCHOOL,1000 Bannister Circle,Waldorf,MD,20602,E,2014-2015,14-15,38.5951194,-76.9035827,306,40,60,43
81001,GALE-BAILEY ELEMENTARY SCHOOL,4740 Pisgah-Marbury Road,Marbury,MD,20658,E,2014-2015,14-15,38.5609531,-77.1505342,143,9,186,39
80705,GENERAL SMALLWOOD MIDDLE SCHOOL,4990 Indian Head Highway,Indian Head,MD,20640,M,2014-2015,14-15,38.6028131,-77.1341113,278,7,231,51
81002,HENRY E. LACKEY HIGH SCHOOL,3000 Chicamuxen Road,Indian Head,MD,20640,H,2014-2015,14-15,38.5794444,-77.1276389,605,29,365,67
80710,INDIAN HEAD ELEMENTARY SCHOOL,4200 Indian Head Highway,Indian Head,MD,20640,E,2014-2015,14-15,38.6005716,-77.1663546,263,22,157,48
80703,J. C. PARKS ELEMENTARY SCHOOL,3505 Livingston Road,Indian Head,MD,20640,E,2014-2015,14-15,38.6148405,-77.074977,473,61,93,85
80606,J. P. RYON ELEMENTARY SCHOOL,12140 Vivian Adams Drive,Waldorf,MD,20601,E,2014-2015,14-15,38.6222194,-76.8892106,395,81,92,70
80608,JOHN HANSON MIDDLE SCHOOL,3165 John Hanson Drive,Waldorf,MD,20601,M,2014-2015,14-15,38.6242651,-76.8882182,416,65,257,53
80106,LA PLATA HIGH SCHOOL,6035 Radio Station Road,La Plata,MD,20646,H,2014-2015,14-15,38.5462317,-76.9502506,250,40,861,120
80902,MALCOLM ELEMENTARY SCHOOL,14760 Poplar Hill Road,Waldorf,MD,20601,E,2014-2015,14-15,38.6167858,-76.7974684,155,23,206,46
80626,MARY B. NEAL ELEMENTARY SCHOOL,12105 St. Georges Drive,Waldorf,MD,20602,E,2014-2015,14-15,38.584929,-76.9031422,566,47,57,88
80109,MARY MATULA ELEMENTARY SCHOOL,6025 Radio Station Road,La Plata,MD,20646,E,2014-2015,14-15,38.5483416,-76.9560313,238,43,271,60
80621,MATTAWOMAN MIDDLE SCHOOL,10145 Berry Road,Waldorf,MD,20603,M,2014-2015,14-15,38.64663,-76.96077,648,60,72,98
80701,MATTHEW HENSON MIDDLE SCHOOL,3535 Livingston Road,Indian Head,MD,20640,M,2014-2015,14-15,38.6140072,-77.0769214,447,39,133,68
80108,MAURICE J. MCDONOUGH HIGH SCHOOL,7165 Marshall Corner Road,Pomfret,MD,20675,H,2014-2015,14-15,38.5557,-77.035146,448,88,367,58
80104,MILTON M. SOMERS MIDDLE SCHOOL,300 Willow Lane,La Plata,MD,20646,M,2014-2015,14-15,38.523887,-76.972715,297,42,494,98
80302,MT HOPE/NANJEMOY ELEMENTARY SCHOOL,9275 Ironsides Road,Nanjemoy,MD,20662,E,2014-2015,14-15,38.4581783,-77.1805341,113,9,182,40
80623,NORTH POINT HIGH SCHOOL,2500 Davis Road,Waldorf,MD,20603,H,2014-2015,14-15,38.641421,-76.977075,1091,91,500,236
80503,PICCOWAXEN MIDDLE SCHOOL,12834 Rock Point Road,Newburg,MD,20664,M,2014-2015,14-15,38.3617928,-76.9413607,64,19,304,37
80708,ROBERT D. STETHEM EDUCATIONAL CENTER,7775 Marshall Corner Road,Pomfret,MD,20675,O,2014-2015,14-15,38.5703181,-77.0291001,31,4,12,4
80801,T. C. MARTIN ELEMENTARY SCHOOL,6315 Olivers Shop Road,Bryantown,MD,20617,E,2014-2015,14-15,38.5393903,-76.842783,131,17,366,57
80625,THEODORE G. DAVIS MIDDLE SCHOOL,2495 Davis Road,Waldorf,MD,20603,M,2014-2015,14-15,38.6439719,-76.9788876,544,67,126,95
80605,THOMAS STONE HIGH SCHOOL,3785 Leonardtown Road,Waldorf,MD,20601,H,2014-2015,14-15,38.6148411,-76.8869156,760,70,294,78
80105,WALTER J. MITCHELL ELEMENTARY,400 Willow Lane,La Plata,MD,20646,E,2014-2015,14-15,38.5194643,-76.9694544,117,41,469,57
80619,WESTLAKE HIGH SCHOOL,3300 Middletown Road,Waldorf,MD,20603,H,2014-2015,14-15,38.6237294,-76.9669182,905,54,113,106
80624,WILLIAM A. DIGGS ELEMENTARY,2615 Davis Road,Waldorf,MD,20603,E,2014-2015,14-15,38.6356456,-76.9808578,465,48,153,105
80618,WILLIAM B. WADE ELEMENTARY SCHOOL,2300 Smallwood Drive West,Waldorf,MD,20603,E,2014-2015,14-15,38.6179674,-76.9467827,383,63,144,106
99999,ST. CHARLES HIGH SCHOOL,5305 Piney Church Road,Waldorf,MD,20602,H,2014-2015,14-15,38.564609,-76.909262,649,47,193,89